chart_id,body,sign,degree_within_sign,source,tolerance_deg
obama,Sun,leo,12.5479089,JPL Horizons (DE441),0.01
obama,Moon,gemini,3.3573772,JPL Horizons (DE441),0.02
obama,Mercury,leo,2.3315919,JPL Horizons (DE441),0.01
obama,Venus,cancer,1.7893450,JPL Horizons (DE441),0.01
obama,Mars,virgo,22.5765892,JPL Horizons (DE441),0.01
obama,Jupiter,aquarius,0.8586257,JPL Horizons (DE441),0.01
obama,Saturn,capricorn,25.3307494,JPL Horizons (DE441),0.01
obama,Uranus,leo,25.2707961,JPL Horizons (DE441),0.01
obama,Neptune,scorpio,8.6059373,JPL Horizons (DE441),0.01
obama,Pluto,virgo,6.9777658,JPL Horizons (DE441),0.01
beyonce,Sun,virgo,12.4555603,JPL Horizons (DE441),0.01
beyonce,Moon,scorpio,26.7344710,JPL Horizons (DE441),0.02
beyonce,Mercury,libra,3.2803680,JPL Horizons (DE441),0.01
beyonce,Venus,libra,20.8013598,JPL Horizons (DE441),0.01
beyonce,Mars,leo,1.9290966,JPL Horizons (DE441),0.01
beyonce,Jupiter,libra,12.4870710,JPL Horizons (DE441),0.01
beyonce,Saturn,libra,9.1073931,JPL Horizons (DE441),0.01
beyonce,Uranus,scorpio,26.4817534,JPL Horizons (DE441),0.01
beyonce,Neptune,sagittarius,22.0873416,JPL Horizons (DE441),0.01
beyonce,Pluto,libra,22.6736023,JPL Horizons (DE441),0.01
diana,Sun,cancer,9.6630446,JPL Horizons (DE441),0.01
diana,Moon,aquarius,25.0378776,JPL Horizons (DE441),0.02
diana,Mercury,cancer,3.2013895,JPL Horizons (DE441),0.01
diana,Venus,taurus,24.3998280,JPL Horizons (DE441),0.01
diana,Mars,virgo,1.6457017,JPL Horizons (DE441),0.01
diana,Jupiter,aquarius,5.0970740,JPL Horizons (DE441),0.01
diana,Saturn,capricorn,27.8140038,JPL Horizons (DE441),0.01
diana,Uranus,leo,23.3359888,JPL Horizons (DE441),0.01
diana,Neptune,scorpio,8.6366645,JPL Horizons (DE441),0.01
diana,Pluto,virgo,6.0440138,JPL Horizons (DE441),0.01
einstein,Sun,pisces,23.5076637,JPL Horizons (DE441),0.01
einstein,Moon,sagittarius,14.5258305,JPL Horizons (DE441),0.02
einstein,Mercury,aries,3.1438013,JPL Horizons (DE441),0.01
einstein,Venus,aries,16.9849259,JPL Horizons (DE441),0.01
einstein,Mars,capricorn,26.9141384,JPL Horizons (DE441),0.01
einstein,Jupiter,aquarius,27.4840206,JPL Horizons (DE441),0.01
einstein,Saturn,aries,4.1897343,JPL Horizons (DE441),0.01
einstein,Uranus,virgo,1.2883841,JPL Horizons (DE441),0.01
einstein,Neptune,taurus,7.8719007,JPL Horizons (DE441),0.01
einstein,Pluto,taurus,24.7254747,JPL Horizons (DE441),0.01
jobs,Sun,pisces,5.7481040,JPL Horizons (DE441),0.01
jobs,Moon,aries,7.7471988,JPL Horizons (DE441),0.02
jobs,Mercury,aquarius,14.3617059,JPL Horizons (DE441),0.01
jobs,Venus,capricorn,21.1718389,JPL Horizons (DE441),0.01
jobs,Mars,aries,29.0904584,JPL Horizons (DE441),0.01
jobs,Jupiter,cancer,20.5079320,JPL Horizons (DE441),0.01
jobs,Saturn,scorpio,21.1626510,JPL Horizons (DE441),0.01
jobs,Uranus,cancer,24.1348915,JPL Horizons (DE441),0.01
jobs,Neptune,libra,28.0512597,JPL Horizons (DE441),0.01
jobs,Pluto,leo,25.3226600,JPL Horizons (DE441),0.01
musk,Sun,cancer,5.8906134,JPL Horizons (DE441),0.01
musk,Moon,virgo,8.2426882,JPL Horizons (DE441),0.02
musk,Mercury,cancer,14.0665460,JPL Horizons (DE441),0.01
musk,Venus,gemini,19.3967741,JPL Horizons (DE441),0.01
musk,Mars,aquarius,20.9056320,JPL Horizons (DE441),0.01
musk,Jupiter,scorpio,27.6479305,JPL Horizons (DE441),0.01
musk,Saturn,gemini,1.1226146,JPL Horizons (DE441),0.01
musk,Uranus,libra,9.4820735,JPL Horizons (DE441),0.01
musk,Neptune,sagittarius,0.8134538,JPL Horizons (DE441),0.01
musk,Pluto,virgo,27.0933626,JPL Horizons (DE441),0.01
monroe,Sun,gemini,10.4443169,JPL Horizons (DE441),0.01
monroe,Moon,aquarius,19.0983445,JPL Horizons (DE441),0.02
monroe,Mercury,gemini,6.7786082,JPL Horizons (DE441),0.01
monroe,Venus,aries,28.7503787,JPL Horizons (DE441),0.01
monroe,Mars,pisces,20.7315327,JPL Horizons (DE441),0.01
monroe,Jupiter,aquarius,26.8256681,JPL Horizons (DE441),0.01
monroe,Saturn,scorpio,21.4416013,JPL Horizons (DE441),0.01
monroe,Uranus,pisces,28.9947470,JPL Horizons (DE441),0.01
monroe,Neptune,leo,22.2227367,JPL Horizons (DE441),0.01
monroe,Pluto,cancer,13.3915557,JPL Horizons (DE441),0.01
jfk,Sun,gemini,7.8434874,JPL Horizons (DE441),0.01
jfk,Moon,virgo,17.2089821,JPL Horizons (DE441),0.02
jfk,Mercury,taurus,20.5934101,JPL Horizons (DE441),0.01
jfk,Venus,gemini,16.7448886,JPL Horizons (DE441),0.01
jfk,Mars,taurus,18.4311027,JPL Horizons (DE441),0.01
jfk,Jupiter,taurus,23.0471846,JPL Horizons (DE441),0.01
jfk,Saturn,cancer,27.1611345,JPL Horizons (DE441),0.01
jfk,Uranus,aquarius,23.7186043,JPL Horizons (DE441),0.01
jfk,Neptune,leo,2.6717583,JPL Horizons (DE441),0.01
jfk,Pluto,cancer,3.2684616,JPL Horizons (DE441),0.01
reykjavik_summer,Sun,cancer,0.0502759,JPL Horizons (DE441),0.01
reykjavik_summer,Moon,leo,5.7288169,JPL Horizons (DE441),0.02
reykjavik_summer,Mercury,cancer,15.7090619,JPL Horizons (DE441),0.01
reykjavik_summer,Venus,taurus,14.5514187,JPL Horizons (DE441),0.01
reykjavik_summer,Mars,cancer,8.0056436,JPL Horizons (DE441),0.01
reykjavik_summer,Jupiter,aquarius,16.5282612,JPL Horizons (DE441),0.01
reykjavik_summer,Saturn,scorpio,22.3815204,JPL Horizons (DE441),0.01
reykjavik_summer,Uranus,sagittarius,15.3931912,JPL Horizons (DE441),0.01
reykjavik_summer,Neptune,capricorn,2.3022602,JPL Horizons (DE441),0.01
reykjavik_summer,Pluto,scorpio,2.0443033,JPL Horizons (DE441),0.01
ushuaia_winter,Sun,sagittarius,29.5703009,JPL Horizons (DE441),0.01
ushuaia_winter,Moon,aries,26.2200561,JPL Horizons (DE441),0.02
ushuaia_winter,Mercury,sagittarius,8.6937412,JPL Horizons (DE441),0.01
ushuaia_winter,Venus,sagittarius,22.5922735,JPL Horizons (DE441),0.01
ushuaia_winter,Mars,scorpio,4.1336706,JPL Horizons (DE441),0.01
ushuaia_winter,Jupiter,aquarius,16.0843488,JPL Horizons (DE441),0.01
ushuaia_winter,Saturn,sagittarius,4.0245281,JPL Horizons (DE441),0.01
ushuaia_winter,Uranus,sagittarius,18.8773391,JPL Horizons (DE441),0.01
ushuaia_winter,Neptune,capricorn,3.1893235,JPL Horizons (DE441),0.01
ushuaia_winter,Pluto,scorpio,6.6474886,JPL Horizons (DE441),0.01
quito_equinox,Sun,libra,0.1951341,JPL Horizons (DE441),0.01
quito_equinox,Moon,virgo,17.8743557,JPL Horizons (DE441),0.02
quito_equinox,Mercury,libra,20.0874122,JPL Horizons (DE441),0.01
quito_equinox,Venus,libra,9.3248335,JPL Horizons (DE441),0.01
quito_equinox,Mars,scorpio,11.0180866,JPL Horizons (DE441),0.01
quito_equinox,Jupiter,sagittarius,9.3872408,JPL Horizons (DE441),0.01
quito_equinox,Saturn,pisces,20.6437016,JPL Horizons (DE441),0.01
quito_equinox,Uranus,capricorn,26.5943572,JPL Horizons (DE441),0.01
quito_equinox,Neptune,capricorn,22.8099819,JPL Horizons (DE441),0.01
quito_equinox,Pluto,scorpio,28.4007496,JPL Horizons (DE441),0.01
ny_dst_spring,Sun,aries,13.6420626,JPL Horizons (DE441),0.01
ny_dst_spring,Moon,aquarius,0.5846694,JPL Horizons (DE441),0.02
ny_dst_spring,Mercury,aries,5.2758524,JPL Horizons (DE441),0.01
ny_dst_spring,Venus,aries,14.4496751,JPL Horizons (DE441),0.01
ny_dst_spring,Mars,aquarius,9.8132624,JPL Horizons (DE441),0.01
ny_dst_spring,Jupiter,libra,14.0136115,JPL Horizons (DE441),0.01
ny_dst_spring,Saturn,cancer,20.5309521,JPL Horizons (DE441),0.01
ny_dst_spring,Uranus,pisces,8.7855774,JPL Horizons (DE441),0.01
ny_dst_spring,Neptune,aquarius,17.0201220,JPL Horizons (DE441),0.01
ny_dst_spring,Pluto,sagittarius,24.5009661,JPL Horizons (DE441),0.01
ny_dst_fall,Sun,scorpio,6.8924634,JPL Horizons (DE441),0.01
ny_dst_fall,Moon,libra,3.7179837,JPL Horizons (DE441),0.02
ny_dst_fall,Mercury,scorpio,29.8269683,JPL Horizons (DE441),0.01
ny_dst_fall,Venus,sagittarius,23.8269943,JPL Horizons (DE441),0.01
ny_dst_fall,Mars,taurus,17.8702032,JPL Horizons (DE441),0.01
ny_dst_fall,Jupiter,scorpio,0.8943442,JPL Horizons (DE441),0.01
ny_dst_fall,Saturn,leo,10.8151808,JPL Horizons (DE441),0.01
ny_dst_fall,Uranus,pisces,6.9605495,JPL Horizons (DE441),0.01
ny_dst_fall,Neptune,aquarius,14.8198343,JPL Horizons (DE441),0.01
ny_dst_fall,Pluto,sagittarius,22.6889979,JPL Horizons (DE441),0.01
tromso_midnight_sun,Sun,cancer,1.2800246,JPL Horizons (DE441),0.01
tromso_midnight_sun,Moon,pisces,1.0787833,JPL Horizons (DE441),0.02
tromso_midnight_sun,Mercury,cancer,19.9282603,JPL Horizons (DE441),0.01
tromso_midnight_sun,Venus,cancer,4.2873406,JPL Horizons (DE441),0.01
tromso_midnight_sun,Mars,cancer,3.9476004,JPL Horizons (DE441),0.01
tromso_midnight_sun,Jupiter,taurus,28.3172882,JPL Horizons (DE441),0.01
tromso_midnight_sun,Saturn,taurus,25.7011003,JPL Horizons (DE441),0.01
tromso_midnight_sun,Uranus,aquarius,20.5144718,JPL Horizons (DE441),0.01
tromso_midnight_sun,Neptune,aquarius,6.0678500,JPL Horizons (DE441),0.01
tromso_midnight_sun,Pluto,sagittarius,10.9956539,JPL Horizons (DE441),0.01
mumbai_2000,Sun,capricorn,24.5121723,JPL Horizons (DE441),0.01
mumbai_2000,Moon,taurus,4.8297157,JPL Horizons (DE441),0.02
mumbai_2000,Mercury,capricorn,24.0810454,JPL Horizons (DE441),0.01
mumbai_2000,Venus,sagittarius,18.4311962,JPL Horizons (DE441),0.01
mumbai_2000,Mars,pisces,8.7193609,JPL Horizons (DE441),0.01
mumbai_2000,Jupiter,aries,26.1341799,JPL Horizons (DE441),0.01
mumbai_2000,Saturn,taurus,10.2978950,JPL Horizons (DE441),0.01
mumbai_2000,Uranus,aquarius,15.5443932,JPL Horizons (DE441),0.01
mumbai_2000,Neptune,aquarius,3.7026566,JPL Horizons (DE441),0.01
mumbai_2000,Pluto,sagittarius,11.9140838,JPL Horizons (DE441),0.01
sydney_2010,Sun,capricorn,3.1123477,JPL Horizons (DE441),0.01
sydney_2010,Moon,leo,21.5017380,JPL Horizons (DE441),0.02
sydney_2010,Mercury,sagittarius,21.9748318,JPL Horizons (DE441),0.01
sydney_2010,Venus,scorpio,17.1158885,JPL Horizons (DE441),0.01
sydney_2010,Mars,capricorn,13.0039656,JPL Horizons (DE441),0.01
sydney_2010,Jupiter,pisces,25.6819195,JPL Horizons (DE441),0.01
sydney_2010,Saturn,libra,16.3128544,JPL Horizons (DE441),0.01
sydney_2010,Uranus,pisces,26.8261801,JPL Horizons (DE441),0.01
sydney_2010,Neptune,aquarius,26.5472605,JPL Horizons (DE441),0.01
sydney_2010,Pluto,capricorn,5.0805671,JPL Horizons (DE441),0.01
tokyo_1990,Sun,taurus,8.3056107,JPL Horizons (DE441),0.01
tokyo_1990,Moon,cancer,0.2108201,JPL Horizons (DE441),0.02
tokyo_1990,Mercury,taurus,16.1736880,JPL Horizons (DE441),0.01
tokyo_1990,Venus,pisces,24.1130408,JPL Horizons (DE441),0.01
tokyo_1990,Mars,pisces,5.9459241,JPL Horizons (DE441),0.01
tokyo_1990,Jupiter,cancer,6.5880383,JPL Horizons (DE441),0.01
tokyo_1990,Saturn,capricorn,25.3086261,JPL Horizons (DE441),0.01
tokyo_1990,Uranus,capricorn,9.4950056,JPL Horizons (DE441),0.01
tokyo_1990,Neptune,capricorn,14.5326902,JPL Horizons (DE441),0.01
tokyo_1990,Pluto,scorpio,16.6323951,JPL Horizons (DE441),0.01
boston_1900,Sun,cancer,12.2130791,JPL Horizons (DE441),0.01
boston_1900,Moon,libra,8.9166220,JPL Horizons (DE441),0.02
boston_1900,Mercury,leo,8.2459833,JPL Horizons (DE441),0.01
boston_1900,Venus,cancer,18.1031507,JPL Horizons (DE441),0.01
boston_1900,Mars,gemini,5.1770509,JPL Horizons (DE441),0.01
boston_1900,Jupiter,sagittarius,1.9071076,JPL Horizons (DE441),0.01
boston_1900,Saturn,capricorn,0.9458836,JPL Horizons (DE441),0.01
boston_1900,Uranus,sagittarius,9.2149214,JPL Horizons (DE441),0.01
boston_1900,Neptune,gemini,27.3186025,JPL Horizons (DE441),0.01
boston_1900,Pluto,gemini,16.7936048,JPL Horizons (DE441),0.01
greenwich_y2k,Sun,capricorn,9.8592049,JPL Horizons (DE441),0.01
greenwich_y2k,Moon,scorpio,7.2933209,JPL Horizons (DE441),0.02
greenwich_y2k,Mercury,capricorn,1.1117994,JPL Horizons (DE441),0.01
greenwich_y2k,Venus,sagittarius,0.9614017,JPL Horizons (DE441),0.01
greenwich_y2k,Mars,aquarius,27.5754592,JPL Horizons (DE441),0.01
greenwich_y2k,Jupiter,aries,25.2331086,JPL Horizons (DE441),0.01
greenwich_y2k,Saturn,taurus,10.4058374,JPL Horizons (DE441),0.01
greenwich_y2k,Uranus,aquarius,14.7840519,JPL Horizons (DE441),0.01
greenwich_y2k,Neptune,aquarius,3.1752432,JPL Horizons (DE441),0.01
greenwich_y2k,Pluto,sagittarius,11.4371500,JPL Horizons (DE441),0.01
samoa_skipped_day,Sun,capricorn,8.8965694,JPL Horizons (DE441),0.01
samoa_skipped_day,Moon,pisces,24.5383616,JPL Horizons (DE441),0.02
samoa_skipped_day,Mercury,sagittarius,18.4530448,JPL Horizons (DE441),0.01
samoa_skipped_day,Venus,aquarius,12.5438692,JPL Horizons (DE441),0.01
samoa_skipped_day,Mars,virgo,19.8571820,JPL Horizons (DE441),0.01
samoa_skipped_day,Jupiter,taurus,0.4087758,JPL Horizons (DE441),0.01
samoa_skipped_day,Saturn,libra,28.2230949,JPL Horizons (DE441),0.01
samoa_skipped_day,Uranus,aries,0.8247982,JPL Horizons (DE441),0.01
samoa_skipped_day,Neptune,aquarius,28.8606567,JPL Horizons (DE441),0.01
samoa_skipped_day,Pluto,capricorn,7.2863776,JPL Horizons (DE441),0.01
anchorage_winter,Sun,sagittarius,29.9521496,JPL Horizons (DE441),0.01
anchorage_winter,Moon,taurus,0.6509029,JPL Horizons (DE441),0.02
anchorage_winter,Mercury,sagittarius,9.1538367,JPL Horizons (DE441),0.01
anchorage_winter,Venus,sagittarius,23.0641390,JPL Horizons (DE441),0.01
anchorage_winter,Mars,scorpio,4.3642474,JPL Horizons (DE441),0.01
anchorage_winter,Jupiter,aquarius,16.1593305,JPL Horizons (DE441),0.01
anchorage_winter,Saturn,sagittarius,4.0662407,JPL Horizons (DE441),0.01
anchorage_winter,Uranus,sagittarius,18.8999322,JPL Horizons (DE441),0.01
anchorage_winter,Neptune,capricorn,3.2034979,JPL Horizons (DE441),0.01
anchorage_winter,Pluto,scorpio,6.6578346,JPL Horizons (DE441),0.01
