chart_id,body,expected_longitude,actual_longitude,deviation_deg,deviation_arcsec,tolerance_deg,within_tolerance
obama,Sun,132.5479089,132.5476606,0.0002483,0.89,0.01,PASS
obama,Moon,63.3573772,63.3576535,0.0002763,0.99,0.02,PASS
obama,Mercury,122.3315919,122.3317818,0.0001899,0.68,0.01,PASS
obama,Venus,91.7893450,91.7894463,0.0001013,0.36,0.01,PASS
obama,Mars,172.5765892,172.5767915,0.0002023,0.73,0.01,PASS
obama,Jupiter,300.8586257,300.8582437,0.0003820,1.38,0.01,PASS
obama,Saturn,295.3307494,295.3305346,0.0002148,0.77,0.01,PASS
obama,Uranus,145.2707961,145.2711783,0.0003822,1.38,0.01,PASS
obama,Neptune,218.6059373,218.6024407,0.0034966,12.59,0.01,PASS
obama,Pluto,156.9777658,156.9781910,0.0004252,1.53,0.01,PASS
beyonce,Sun,162.4555603,162.4557736,0.0002133,0.77,0.01,PASS
beyonce,Moon,236.7344710,236.7345830,0.0001120,0.4,0.02,PASS
beyonce,Mercury,183.2803680,183.2800701,0.0002979,1.07,0.01,PASS
beyonce,Venus,200.8013598,200.8015919,0.0002321,0.84,0.01,PASS
beyonce,Mars,121.9290966,121.9292650,0.0001684,0.61,0.01,PASS
beyonce,Jupiter,192.4870710,192.4864079,0.0006631,2.39,0.01,PASS
beyonce,Saturn,189.1073931,189.1072730,0.0001201,0.43,0.01,PASS
beyonce,Uranus,236.4817534,236.4805069,0.0012465,4.49,0.01,PASS
beyonce,Neptune,262.0873416,262.0837345,0.0036071,12.99,0.01,PASS
beyonce,Pluto,202.6736023,202.6744171,0.0008148,2.93,0.01,PASS
diana,Sun,99.6630446,99.6629672,0.0000774,0.28,0.01,PASS
diana,Moon,325.0378776,325.0383326,0.0004550,1.64,0.02,PASS
diana,Mercury,93.2013895,93.2021042,0.0007147,2.57,0.01,PASS
diana,Venus,54.3998280,54.4000531,0.0002251,0.81,0.01,PASS
diana,Mars,151.6457017,151.6459282,0.0002265,0.82,0.01,PASS
diana,Jupiter,305.0970740,305.0966628,0.0004112,1.48,0.01,PASS
diana,Saturn,297.8140038,297.8135463,0.0004575,1.65,0.01,PASS
diana,Uranus,143.3359888,143.3363888,0.0004000,1.44,0.01,PASS
diana,Neptune,218.6366645,218.6331571,0.0035074,12.63,0.01,PASS
diana,Pluto,156.0440138,156.0444908,0.0004770,1.72,0.01,PASS
einstein,Sun,353.5076637,353.5076628,0.0000009,0.0,0.01,PASS
einstein,Moon,254.5258305,254.5265920,0.0007615,2.74,0.02,PASS
einstein,Mercury,3.1438013,3.1432303,0.0005710,2.06,0.01,PASS
einstein,Venus,16.9849259,16.9848961,0.0000298,0.11,0.01,PASS
einstein,Mars,296.9141384,296.9146763,0.0005379,1.94,0.01,PASS
einstein,Jupiter,327.4840206,327.4839540,0.0000666,0.24,0.01,PASS
einstein,Saturn,4.1897343,4.1892049,0.0005294,1.91,0.01,PASS
einstein,Uranus,151.2883841,151.2886165,0.0002324,0.84,0.01,PASS
einstein,Neptune,37.8719007,37.8717702,0.0001305,0.47,0.01,PASS
einstein,Pluto,54.7254747,54.7270593,0.0015846,5.7,0.01,PASS
jobs,Sun,335.7481040,335.7480992,0.0000048,0.02,0.01,PASS
jobs,Moon,7.7471988,7.7476826,0.0004838,1.74,0.02,PASS
jobs,Mercury,314.3617059,314.3612720,0.0004339,1.56,0.01,PASS
jobs,Venus,291.1718389,291.1724167,0.0005778,2.08,0.01,PASS
jobs,Mars,29.0904584,29.0903910,0.0000674,0.24,0.01,PASS
jobs,Jupiter,110.5079320,110.5073513,0.0005807,2.09,0.01,PASS
jobs,Saturn,231.1626510,231.1626825,0.0000315,0.11,0.01,PASS
jobs,Uranus,114.1348915,114.1340615,0.0008300,2.99,0.01,PASS
jobs,Neptune,208.0512597,208.0484792,0.0027805,10.01,0.01,PASS
jobs,Pluto,145.3226600,145.3230997,0.0004397,1.58,0.01,PASS
musk,Sun,95.8906134,95.8907189,0.0001055,0.38,0.01,PASS
musk,Moon,158.2426882,158.2430236,0.0003354,1.21,0.02,PASS
musk,Mercury,104.0665460,104.0658333,0.0007127,2.57,0.01,PASS
musk,Venus,79.3967741,79.3968571,0.0000830,0.3,0.01,PASS
musk,Mars,320.9056320,320.9038753,0.0017567,6.32,0.01,PASS
musk,Jupiter,237.6479305,237.6488414,0.0009109,3.28,0.01,PASS
musk,Saturn,61.1226146,61.1235098,0.0008952,3.22,0.01,PASS
musk,Uranus,189.4820735,189.4813865,0.0006870,2.47,0.01,PASS
musk,Neptune,240.8134538,240.8090934,0.0043604,15.7,0.01,PASS
musk,Pluto,177.0933626,177.0940383,0.0006757,2.43,0.01,PASS
monroe,Sun,70.4443169,70.4442218,0.0000951,0.34,0.01,PASS
monroe,Moon,319.0983445,319.0990449,0.0007004,2.52,0.02,PASS
monroe,Mercury,66.7786082,66.7794092,0.0008010,2.88,0.01,PASS
monroe,Venus,28.7503787,28.7504988,0.0001201,0.43,0.01,PASS
monroe,Mars,350.7315327,350.7317532,0.0002205,0.79,0.01,PASS
monroe,Jupiter,326.8256681,326.8251791,0.0004890,1.76,0.01,PASS
monroe,Saturn,231.4416013,231.4429705,0.0013692,4.93,0.01,PASS
monroe,Uranus,358.9947470,358.9948723,0.0001253,0.45,0.01,PASS
monroe,Neptune,142.2227367,142.2257251,0.0029884,10.76,0.01,PASS
monroe,Pluto,103.3915557,103.3920109,0.0004552,1.64,0.01,PASS
jfk,Sun,67.8434874,67.8435640,0.0000766,0.28,0.01,PASS
jfk,Moon,167.2089821,167.2092902,0.0003081,1.11,0.02,PASS
jfk,Mercury,50.5934101,50.5924078,0.0010023,3.61,0.01,PASS
jfk,Venus,76.7448886,76.7443915,0.0004971,1.79,0.01,PASS
jfk,Mars,48.4311027,48.4315478,0.0004451,1.6,0.01,PASS
jfk,Jupiter,53.0471846,53.0469938,0.0001908,0.69,0.01,PASS
jfk,Saturn,117.1611345,117.1617231,0.0005886,2.12,0.01,PASS
jfk,Uranus,323.7186043,323.7173595,0.0012448,4.48,0.01,PASS
jfk,Neptune,122.6717583,122.6756545,0.0038962,14.03,0.01,PASS
jfk,Pluto,93.2684616,93.2690822,0.0006206,2.23,0.01,PASS
reykjavik_summer,Sun,90.0502759,90.0502545,0.0000214,0.08,0.01,PASS
reykjavik_summer,Moon,125.7288169,125.7291755,0.0003586,1.29,0.02,PASS
reykjavik_summer,Mercury,105.7090619,105.7100254,0.0009635,3.47,0.01,PASS
reykjavik_summer,Venus,44.5514187,44.5518032,0.0003845,1.38,0.01,PASS
reykjavik_summer,Mars,98.0056436,98.0057622,0.0001186,0.43,0.01,PASS
reykjavik_summer,Jupiter,316.5282612,316.5272084,0.0010528,3.79,0.01,PASS
reykjavik_summer,Saturn,232.3815204,232.3822907,0.0007703,2.77,0.01,PASS
reykjavik_summer,Uranus,255.3931912,255.3918577,0.0013335,4.8,0.01,PASS
reykjavik_summer,Neptune,272.3022602,272.2998139,0.0024463,8.81,0.01,PASS
reykjavik_summer,Pluto,212.0443033,212.0451375,0.0008342,3.0,0.01,PASS
ushuaia_winter,Sun,269.5703009,269.5701175,0.0001834,0.66,0.01,PASS
ushuaia_winter,Moon,26.2200561,26.2200355,0.0000206,0.07,0.02,PASS
ushuaia_winter,Mercury,248.6937412,248.6938911,0.0001499,0.54,0.01,PASS
ushuaia_winter,Venus,262.5922735,262.5923545,0.0000810,0.29,0.01,PASS
ushuaia_winter,Mars,214.1336706,214.1332257,0.0004449,1.6,0.01,PASS
ushuaia_winter,Jupiter,316.0843488,316.0840235,0.0003253,1.17,0.01,PASS
ushuaia_winter,Saturn,244.0245281,244.0255594,0.0010313,3.71,0.01,PASS
ushuaia_winter,Uranus,258.8773391,258.8758656,0.0014735,5.3,0.01,PASS
ushuaia_winter,Neptune,273.1893235,273.1870387,0.0022848,8.23,0.01,PASS
ushuaia_winter,Pluto,216.6474886,216.6483142,0.0008256,2.97,0.01,PASS
quito_equinox,Sun,180.1951341,180.1951318,0.0000023,0.01,0.01,PASS
quito_equinox,Moon,167.8743557,167.8744631,0.0001074,0.39,0.02,PASS
quito_equinox,Mercury,200.0874122,200.0858990,0.0015132,5.45,0.01,PASS
quito_equinox,Venus,189.3248335,189.3249996,0.0001661,0.6,0.01,PASS
quito_equinox,Mars,221.0180866,221.0184866,0.0004000,1.44,0.01,PASS
quito_equinox,Jupiter,249.3872408,249.3888747,0.0016339,5.88,0.01,PASS
quito_equinox,Saturn,350.6437016,350.6428573,0.0008443,3.04,0.01,PASS
quito_equinox,Uranus,296.5943572,296.5921971,0.0021601,7.78,0.01,PASS
quito_equinox,Neptune,292.8099819,292.8115763,0.0015944,5.74,0.01,PASS
quito_equinox,Pluto,238.4007496,238.4011085,0.0003589,1.29,0.01,PASS
ny_dst_spring,Sun,13.6420626,13.6420171,0.0000455,0.16,0.01,PASS
ny_dst_spring,Moon,300.5846694,300.5846631,0.0000063,0.02,0.02,PASS
ny_dst_spring,Mercury,5.2758524,5.2753708,0.0004816,1.73,0.01,PASS
ny_dst_spring,Venus,14.4496751,14.4494016,0.0002735,0.98,0.01,PASS
ny_dst_spring,Mars,309.8132624,309.8134439,0.0001815,0.65,0.01,PASS
ny_dst_spring,Jupiter,194.0136115,194.0123197,0.0012918,4.65,0.01,PASS
ny_dst_spring,Saturn,110.5309521,110.5311583,0.0002062,0.74,0.01,PASS
ny_dst_spring,Uranus,338.7855774,338.7846147,0.0009627,3.47,0.01,PASS
ny_dst_spring,Neptune,317.0201220,317.0240626,0.0039406,14.19,0.01,PASS
ny_dst_spring,Pluto,264.5009661,264.5009421,0.0000240,0.09,0.01,PASS
ny_dst_fall,Sun,216.8924634,216.8925913,0.0001279,0.46,0.01,PASS
ny_dst_fall,Moon,183.7179837,183.7182928,0.0003091,1.11,0.02,PASS
ny_dst_fall,Mercury,239.8269683,239.8278149,0.0008466,3.05,0.01,PASS
ny_dst_fall,Venus,263.8269943,263.8269784,0.0000159,0.06,0.01,PASS
ny_dst_fall,Mars,47.8702032,47.8690213,0.0011819,4.25,0.01,PASS
ny_dst_fall,Jupiter,210.8943442,210.8928864,0.0014578,5.25,0.01,PASS
ny_dst_fall,Saturn,130.8151808,130.8157481,0.0005673,2.04,0.01,PASS
ny_dst_fall,Uranus,336.9605495,336.9596083,0.0009412,3.39,0.01,PASS
ny_dst_fall,Neptune,314.8198343,314.8239550,0.0041207,14.83,0.01,PASS
ny_dst_fall,Pluto,262.6889979,262.6889712,0.0000267,0.1,0.01,PASS
tromso_midnight_sun,Sun,91.2800246,91.2799705,0.0000541,0.19,0.01,PASS
tromso_midnight_sun,Moon,331.0787833,331.0787146,0.0000687,0.25,0.02,PASS
tromso_midnight_sun,Mercury,109.9282603,109.9274088,0.0008515,3.07,0.01,PASS
tromso_midnight_sun,Venus,94.2873406,94.2872361,0.0001045,0.38,0.01,PASS
tromso_midnight_sun,Mars,93.9476004,93.9477301,0.0001297,0.47,0.01,PASS
tromso_midnight_sun,Jupiter,58.3172882,58.3171254,0.0001628,0.59,0.01,PASS
tromso_midnight_sun,Saturn,55.7011003,55.7027092,0.0016089,5.79,0.01,PASS
tromso_midnight_sun,Uranus,320.5144718,320.5113278,0.0031440,11.32,0.01,PASS
tromso_midnight_sun,Neptune,306.0678500,306.0706935,0.0028435,10.24,0.01,PASS
tromso_midnight_sun,Pluto,250.9956539,250.9956622,0.0000083,0.03,0.01,PASS
mumbai_2000,Sun,294.5121723,294.5120806,0.0000917,0.33,0.01,PASS
mumbai_2000,Moon,34.8297157,34.8298000,0.0000843,0.3,0.02,PASS
mumbai_2000,Mercury,294.0810454,294.0809015,0.0001439,0.52,0.01,PASS
mumbai_2000,Venus,258.4311962,258.4307122,0.0004840,1.74,0.01,PASS
mumbai_2000,Mars,338.7193609,338.7200840,0.0007231,2.6,0.01,PASS
mumbai_2000,Jupiter,26.1341799,26.1352226,0.0010427,3.75,0.01,PASS
mumbai_2000,Saturn,40.2978950,40.2984657,0.0005707,2.05,0.01,PASS
mumbai_2000,Uranus,315.5443932,315.5413676,0.0030256,10.89,0.01,PASS
mumbai_2000,Neptune,303.7026566,303.7051213,0.0024647,8.87,0.01,PASS
mumbai_2000,Pluto,251.9140838,251.9140606,0.0000232,0.08,0.01,PASS
sydney_2010,Sun,273.1123477,273.1125601,0.0002124,0.76,0.01,PASS
sydney_2010,Moon,141.5017380,141.5022604,0.0005224,1.88,0.02,PASS
sydney_2010,Mercury,261.9748318,261.9754561,0.0006243,2.25,0.01,PASS
sydney_2010,Venus,227.1158885,227.1158272,0.0000613,0.22,0.01,PASS
sydney_2010,Mars,283.0039656,283.0043338,0.0003682,1.33,0.01,PASS
sydney_2010,Jupiter,355.6819195,355.6817495,0.0001700,0.61,0.01,PASS
sydney_2010,Saturn,196.3128544,196.3117412,0.0011132,4.01,0.01,PASS
sydney_2010,Uranus,356.8261801,356.8258621,0.0003180,1.14,0.01,PASS
sydney_2010,Neptune,326.5472605,326.5518984,0.0046379,16.7,0.01,PASS
sydney_2010,Pluto,275.0805671,275.0805189,0.0000482,0.17,0.01,PASS
tokyo_1990,Sun,38.3056107,38.3054232,0.0001875,0.68,0.01,PASS
tokyo_1990,Moon,90.2108201,90.2107664,0.0000537,0.19,0.02,PASS
tokyo_1990,Mercury,46.1736880,46.1737249,0.0000369,0.13,0.01,PASS
tokyo_1990,Venus,354.1130408,354.1134440,0.0004032,1.45,0.01,PASS
tokyo_1990,Mars,335.9459241,335.9463081,0.0003840,1.38,0.01,PASS
tokyo_1990,Jupiter,96.5880383,96.5881162,0.0000779,0.28,0.01,PASS
tokyo_1990,Saturn,295.3086261,295.3085802,0.0000459,0.17,0.01,PASS
tokyo_1990,Uranus,279.4950056,279.4937392,0.0012664,4.56,0.01,PASS
tokyo_1990,Neptune,284.5326902,284.5324075,0.0002827,1.02,0.01,PASS
tokyo_1990,Pluto,226.6323951,226.6330659,0.0006708,2.41,0.01,PASS
boston_1900,Sun,102.2130791,102.2129633,0.0001158,0.42,0.01,PASS
boston_1900,Moon,188.9166220,188.9175180,0.0008960,3.23,0.02,PASS
boston_1900,Mercury,128.2459833,128.2451844,0.0007989,2.88,0.01,PASS
boston_1900,Venus,108.1031507,108.1034362,0.0002855,1.03,0.01,PASS
boston_1900,Mars,65.1770509,65.1766741,0.0003768,1.36,0.01,PASS
boston_1900,Jupiter,241.9071076,241.9085654,0.0014578,5.25,0.01,PASS
boston_1900,Saturn,270.9458836,270.9433032,0.0025804,9.29,0.01,PASS
boston_1900,Uranus,249.2149214,249.2157640,0.0008426,3.03,0.01,PASS
boston_1900,Neptune,87.3186025,87.3191251,0.0005226,1.88,0.01,PASS
boston_1900,Pluto,76.7936048,76.7945564,0.0009516,3.43,0.01,PASS
greenwich_y2k,Sun,279.8592049,279.8590368,0.0001681,0.61,0.01,PASS
greenwich_y2k,Moon,217.2933209,217.2933865,0.0000656,0.24,0.02,PASS
greenwich_y2k,Mercury,271.1117994,271.1114359,0.0003635,1.31,0.01,PASS
greenwich_y2k,Venus,240.9614017,240.9608559,0.0005458,1.96,0.01,PASS
greenwich_y2k,Mars,327.5754592,327.5760644,0.0006052,2.18,0.01,PASS
greenwich_y2k,Jupiter,25.2331086,25.2342453,0.0011367,4.09,0.01,PASS
greenwich_y2k,Saturn,40.4058374,40.4063224,0.0004850,1.75,0.01,PASS
greenwich_y2k,Uranus,314.7840519,314.7809881,0.0030638,11.03,0.01,PASS
greenwich_y2k,Neptune,303.1752432,303.1776842,0.0024410,8.79,0.01,PASS
greenwich_y2k,Pluto,251.4371500,251.4371280,0.0000220,0.08,0.01,PASS
samoa_skipped_day,Sun,278.8965694,278.8964791,0.0000903,0.33,0.01,PASS
samoa_skipped_day,Moon,354.5383616,354.5388023,0.0004407,1.59,0.02,PASS
samoa_skipped_day,Mercury,258.4530448,258.4531166,0.0000718,0.26,0.01,PASS
samoa_skipped_day,Venus,312.5438692,312.5440779,0.0002087,0.75,0.01,PASS
samoa_skipped_day,Mars,169.8571820,169.8570939,0.0000881,0.32,0.01,PASS
samoa_skipped_day,Jupiter,30.4087758,30.4088880,0.0001122,0.4,0.01,PASS
samoa_skipped_day,Saturn,208.2230949,208.2226884,0.0004065,1.46,0.01,PASS
samoa_skipped_day,Uranus,0.8247982,0.8241489,0.0006493,2.34,0.01,PASS
samoa_skipped_day,Neptune,328.8606567,328.8651698,0.0045131,16.25,0.01,PASS
samoa_skipped_day,Pluto,277.2863776,277.2863156,0.0000620,0.22,0.01,PASS
anchorage_winter,Sun,269.9521496,269.9519688,0.0001808,0.65,0.01,PASS
anchorage_winter,Moon,30.6509029,30.6508456,0.0000573,0.21,0.02,PASS
anchorage_winter,Mercury,249.1538367,249.1540097,0.0001730,0.62,0.01,PASS
anchorage_winter,Venus,263.0641390,263.0642237,0.0000847,0.31,0.01,PASS
anchorage_winter,Mars,214.3642474,214.3638021,0.0004453,1.6,0.01,PASS
anchorage_winter,Jupiter,316.1593305,316.1590084,0.0003221,1.16,0.01,PASS
anchorage_winter,Saturn,244.0662407,244.0672730,0.0010323,3.72,0.01,PASS
anchorage_winter,Uranus,258.8999322,258.8984587,0.0014735,5.3,0.01,PASS
anchorage_winter,Neptune,273.2034979,273.2012117,0.0022862,8.23,0.01,PASS
anchorage_winter,Pluto,216.6578346,216.6586652,0.0008306,2.99,0.01,PASS
